<assembly xmlns="http://maven.apache.org/plugins/maven-assembly-plugin/assembly/1.1.2" 
  xmlns:xsi="http://www.w3.org/2001/XMLSchema-instance"
  xsi:schemaLocation="http://maven.apache.org/plugins/maven-assembly-plugin/assembly/1.1.2 http://maven.apache.org/xsd/assembly-1.1.2.xsd">
  <id>bin</id>
  <formats>
    <format>tar.gz</format>
    <format>tar.bz2</format>
    <format>zip</format>
  </formats>
  fileSets>
  <fileSet>
    <includes>
      <include>README*</include>
    </includes>
  </fileSet>
  <fileSet>
    <directory>src/bin</directory>
    <outputDirectory>bin</outputDirectory>
    <includes>
      <include>*.bat</include>
    </includes>
    <lineEnding>dos</lineEnding>
  </fileSet>
  <fileSet>
    <directory>src/bin</directory>
    <outputDirectory>bin</outputDirectory>
    <includes>
      <include>hello</include>
    </includes>
    <lineEnding>unix</lineEnding>
    <fileMode>0755</fileMode>
  </fileSet>
  <fileSet>
    <directory>target</directory>
    <outputDirectory>lib</outputDirectory>
    <includes>
      <include>generate-assembly-*.jar</include>
    </includes>
  </fileSet>
</fileSets>
</assembly>